id_estudiante,nombre,rut,carrera,sede,anio_ingreso,email,estado_matricula
1,Ignacio Espinoza Vergara,23003953-7,Enfermeria,Sede Sur,2020,ignacio.espinoza@outlook.com,Regular
3,Camila Aguilera Lopez,16824501-5,Psicologia,Sede Norte,2021,camila.aguilera@gmail.com,Regular
4,Maria Rojas Vergara,20713487-8,Arquitectura,Concepcion,2021,maria.rojas@outlook.com,Egresado
5,Fernanda Martinez Flores,16300007-6,Arquitectura,Vina Del Mar,2023,sin_email_5@correo.local,Congelada
6,Macarena Fuentes Bravo,13541695-1,Derecho,Vina Del Mar,2019,macarena.fuentes@gmail.com,Congelada
7,Tomas Espinoza Castro,12491053-5,Ing. Informatica,Santiago Centro,2021,sin_email_7@correo.local,Regular
8,Barbara Tapia Tapia,14071893-7,Derecho,Santiago Centro,2021,barbara.tapia@outlook.com,Regular
9,Benjamin Gatica Medina,15369011-1,Ing. Informatica,Santiago Centro,2021,benjamin.gatica@gmail.com,Regular
10,Jose Araya Contreras,18203934-8,Arquitectura,Sede Norte,2024,jose.araya@outlook.com,Regular
11,Macarena Munoz Tapia,16032663-5,Ing. Informatica,Sede Norte,2020,macarena.munoz@outlook.com,Congelada
12,Natalia Diaz Soto,20689817-3,Psicologia,Concepcion,2020,natalia.diaz@gmail.com,Egresado
13,Nicolas Valenzuela Soto,15538568-2,Ing. Informatica,Sede Norte,2021,nicolas.valenzuela@gmail.com,Regular
14,Sin Nombre,12978816-2,Enfermeria,Concepcion,2022,valentina.munoz@gmail.com,Desertor
15,Barbara Gatica Valenzuela,22998821-5,Ing. Civil,Concepcion,2024,barbara.gatica@gmail.com,Regular
16,Diego Vergara Espinoza,17511752-5,Psicologia,Santiago Centro,2021,diego.vergara@outlook.com,Regular
17,Ignacio Rivera Araya,23545121-0,Ing. Civil,Vina Del Mar,2019,ignacio.rivera@outlook.com,Regular
18,Amanda Jara Gonzalez,24531129-5,Psicologia,Santiago Centro,2024,amanda.jara@gmail.com,Regular
19,Lorena Vergara Perez,21306930-9,Psicologia,Sede Norte,2022,lorena.vergara@gmail.com,Regular
20,Lucas Flores Tapia,15113704-7,Enfermeria,Sede Sur,2019,lucas.flores@gmail.com,Egresado
21,Jose Contreras Castro,17150911-8,Ing. Civil,Sede Norte,2023,jose.contreras@outlook.com,Regular
22,Alejandra Reyes Gatica,8278974-6,Arquitectura,Vina Del Mar,2023,alejandra.reyes@outlook.com,Regular
23,Emilio Rodriguez Fuentes,18504046-0,Psicologia,Sede Norte,2020,emilio.rodriguez@outlook.com,Regular
24,Tomas Fuentes Figueroa,10213820-8,Ing. Informatica,Vina Del Mar,2024,tomas.fuentes@gmail.com,Regular
25,Paula Tapia Aguilera,13807750-1,Ing. Informatica,Sede Sur,2020,paula.tapia@outlook.com,Regular
26,Martin Munoz Bravo,11489988-6,Ing. Civil,Sede Sur,2020,martin.munoz@outlook.com,Regular
27,Martin Munoz Vergara,SIN-RUT,Ing. Civil,Concepcion,2024,martin.munoz@outlook.com,Regular
28,Vicente Araya Hernandez,12160681-4,Derecho,Sede Norte,2023,vicente.araya@outlook.com,Regular
29,Sin Nombre,19899496-0,Ing. Informatica,Concepcion,2024,alejandra.vergara@gmail.com,Regular
30,Carlos Martinez Gatica,15085892-0,Enfermeria,Santiago Centro,2019,carlos.martinez@gmail.com,Regular
31,Constanza Tapia Perez,20603281-1,Derecho,Santiago Centro,2022,sin_email_31@correo.local,Congelada
32,Sin Nombre,13443055-6,Arquitectura,Santiago Centro,2020,ignacio.morales@gmail.com,Desertor
33,Benjamin Silva Nunez,24894524-7,Ing. Civil,Santiago Centro,2023,benjamin.silva@gmail.com,Regular
34,Carlos Martinez Vergara,8221762-4,Arquitectura,Santiago Centro,2020,carlos.martinez@gmail.com,Regular
35,Ana Garcia Jara,21532270-9,Psicologia,Sede Norte,2021,ana.garcia@outlook.com,Regular
36,Alejandra Tapia Rodriguez,21412807-3,Enfermeria,Concepcion,2022,alejandra.tapia@outlook.com,Regular
37,Joaquin Nunez Flores,14759178-1,Administracion,Concepcion,2019,joaquin.nunez@outlook.com,Regular
38,Pedro Araya Garcia,23655291-5,Administracion,Vina Del Mar,2020,pedro.araya@gmail.com,Desertor
39,Barbara Reyes Garcia,15715330-9,Arquitectura,Santiago Centro,2021,barbara.reyes@outlook.com,Egresado
40,Vicente Diaz Castro,16410038-0,Arquitectura,Sede Sur,2021,vicente.diaz@outlook.com,Regular
41,Felipe Jara Flores,22387958-3,Psicologia,Sede Sur,2022,felipe.jara@gmail.com,Regular
42,Gabriel Hernandez Munoz,21754188-4,Administracion,Vina Del Mar,2023,gabriel.hernandez@gmail.com,Regular
43,Valentina Munoz Soto,17511216-6,Psicologia,Sede Norte,2023,valentina.munoz@outlook.com,Regular
44,Sin Nombre,6244185-1,Enfermeria,Vina Del Mar,2020,sofia.valenzuela@gmail.com,Regular
45,Agustin Vergara Soto,20484682-0,Psicologia,Sede Sur,2020,agustin.vergara@gmail.com,Regular
46,Paula Fuentes Gonzalez,11407671-9,Arquitectura,Concepcion,2023,paula.fuentes@gmail.com,Regular
47,Tomas Flores Figueroa,18029319-1,Ing. Civil,Vina Del Mar,2019,tomas.flores@outlook.com,Egresado
48,Sofia Torres Medina,5647432-1,Enfermeria,Sede Norte,2019,sofia.torres@outlook.com,Regular
49,Gabriel Aguilera Castro,20438975-5,Derecho,Santiago Centro,2021,gabriel.aguilera@outlook.com,Regular
50,Ignacio Diaz Fuentes,6048233-0,Derecho,Sede Sur,2022,ignacio.diaz@outlook.com,Regular
51,Joaquin Jara Araya,8518523-7,Administracion,Santiago Centro,2019,joaquin.jara@gmail.com,Regular
52,Sofia Diaz Lopez,6183326-6,Arquitectura,Vina Del Mar,2020,sofia.diaz@gmail.com,Regular
53,Sin Nombre,20435438-9,Ing. Civil,Concepcion,2019,amanda.fuentes@outlook.com,Regular
54,Isidora Reyes Fuentes,14049976-9,Arquitectura,Sede Norte,2022,isidora.reyes@gmail.com,Regular
55,Cristobal Gatica Espinoza,6122179-7,Derecho,Sede Sur,2020,cristobal.gatica@gmail.com,Egresado
56,Maximiliano Castro Garcia,23219923-6,Ing. Informatica,Concepcion,2022,maximiliano.castro@gmail.com,Egresado
57,Sebastian Contreras Perez,10975976-8,Arquitectura,Sede Sur,2023,sebastian.contreras@outlook.com,Regular
58,Marcela Sepulveda Lopez,SIN-RUT,Ing. Informatica,Sede Norte,2022,marcela.sepulveda@gmail.com,Regular
60,Marcela Araya Soto,10237705-1,Arquitectura,Sede Sur,2022,marcela.araya@gmail.com,Regular
61,Ignacio Diaz Valenzuela,17252912-9,Administracion,Sede Sur,2020,ignacio.diaz@gmail.com,Regular
62,Sebastian Silva Valenzuela,12930614-8,Administracion,Sede Sur,2022,sebastian.silva@outlook.com,Regular
63,Isidora Bravo Rivera,24641998-6,Derecho,Sede Sur,2022,sin_email_63@correo.local,Regular
64,Macarena Medina Tapia,19937413-6,Ing. Civil,Sede Sur,2024,macarena.medina@outlook.com,Egresado
65,Constanza Araya Martinez,13388160-5,Psicologia,Santiago Centro,2024,constanza.araya@outlook.com,Regular
66,Joaquin Garcia Espinoza,11641824-6,Psicologia,Vina Del Mar,2021,joaquin.garcia@outlook.com,Congelada
67,Benjamin Jara Rojas,21334533-3,Administracion,Sede Sur,2020,benjamin.jara@gmail.com,Regular
68,Maximiliano Torres Torres,17348514-5,Psicologia,Sede Sur,2024,maximiliano.torres@outlook.com,Desertor
69,Sin Nombre,22689499-9,Administracion,Sede Norte,2022,nicolas.torres@gmail.com,Regular
70,Paula Bravo Reyes,18674076-0,Arquitectura,Sede Sur,2019,paula.bravo@gmail.com,Desertor
71,Lorena Garcia Reyes,21409787-0,Psicologia,Sede Norte,2022,lorena.garcia@outlook.com,Regular
72,Maximiliano Vergara Martinez,20248965-2,Psicologia,Sede Sur,2019,maximiliano.vergara@outlook.com,Desertor
73,Natalia Rivera Lopez,9457351-8,Psicologia,Vina Del Mar,2021,natalia.rivera@outlook.com,Regular
74,Benjamin Medina Gatica,23063386-3,Derecho,Sede Sur,2023,benjamin.medina@outlook.com,Regular
75,Jose Garcia Zambrano,14062737-1,Ing. Civil,Concepcion,2020,jose.garcia@outlook.com,Regular
76,Sin Nombre,12168273-3,Administracion,Sede Norte,2020,joaquin.medina@gmail.com,Congelada
77,Carolina Zambrano Reyes,16589900-1,Ing. Informatica,Vina Del Mar,2023,carolina.zambrano@outlook.com,Desertor
78,Jose Gatica Sepulveda,11504524-9,Administracion,Sede Sur,2020,jose.gatica@outlook.com,Congelada
79,Jose Zambrano Araya,5244992-1,Administracion,Sede Sur,2019,jose.zambrano@outlook.com,Regular
80,Macarena Rivera Soto,14130327-3,Ing. Civil,Sede Norte,2019,macarena.rivera@gmail.com,Regular
81,Isidora Valenzuela Rivera,6581364-9,Enfermeria,Sede Sur,2021,isidora.valenzuela@outlook.com,Regular
82,Felipe Nunez Soto,20706679-4,Administracion,Santiago Centro,2020,felipe.nunez@outlook.com,Regular
83,Sin Nombre,10535424-7,Administracion,Concepcion,2020,pedro.jara@outlook.com,Regular
85,Paula Diaz Rojas,12607158-6,Derecho,Sede Norte,2021,paula.diaz@gmail.com,Egresado
86,Sin Nombre,18595872-3,Ing. Civil,Sede Norte,2019,lorena.rojas@outlook.com,Desertor
87,Carlos Araya Figueroa,15524288-7,Psicologia,Sede Sur,2022,carlos.araya@outlook.com,Regular
88,Daniela Rivera Flores,24051408-6,Psicologia,Sede Sur,2024,daniela.rivera@gmail.com,Regular
89,Sofia Garcia Reyes,19818624-1,Administracion,Sede Sur,2021,sofia.garcia@gmail.com,Regular
90,Nicolas Vergara Garcia,13993598-8,Administracion,Sede Norte,2024,nicolas.vergara@outlook.com,Regular
91,Barbara Vergara Tapia,5749830-3,Ing. Informatica,Santiago Centro,2024,barbara.vergara@gmail.com,Regular
92,Francisca Garcia Vergara,5369229-0,Derecho,Sede Sur,2020,francisca.garcia@outlook.com,Egresado
93,Constanza Lopez Martinez,20310113-3,Psicologia,Santiago Centro,2022,constanza.lopez@outlook.com,Regular
94,Vicente Tapia Rojas,17220701-6,Psicologia,Sede Norte,2020,vicente.tapia@outlook.com,Regular
95,Cristobal Gonzalez Rojas,17239228-8,Arquitectura,Sede Sur,2021,cristobal.gonzalez@outlook.com,Egresado
96,Nicolas Medina Munoz,10146164-6,Arquitectura,Sede Sur,2023,nicolas.medina@gmail.com,Desertor
97,Emilio Soto Perez,5845232-8,Arquitectura,Sede Norte,2020,emilio.soto@gmail.com,Congelada
98,Sin Nombre,10842037-5,Administracion,Vina Del Mar,2024,ana.garcia@gmail.com,Regular
99,Natalia Figueroa Araya,11089281-6,Ing. Informatica,Concepcion,2024,natalia.figueroa@gmail.com,Regular
100,Pedro Soto Flores,12961949-7,Psicologia,Concepcion,2021,pedro.soto@outlook.com,Regular
101,Sin Nombre,24840650-4,Arquitectura,Sede Sur,2022,emilio.espinoza@gmail.com,Desertor
102,Valentina Soto Contreras,7292087-2,Enfermeria,Vina Del Mar,2021,valentina.soto@outlook.com,Regular
103,Marcela Jara Flores,21998000-8,Ing. Civil,Concepcion,2022,marcela.jara@outlook.com,Desertor
104,Javiera Valenzuela Bravo,18097644-6,Arquitectura,Vina Del Mar,2019,javiera.valenzuela@outlook.com,Desertor
105,Daniela Tapia Perez,24571426-1,Ing. Informatica,Sede Sur,2020,daniela.tapia@gmail.com,Egresado
107,Benjamin Tapia Soto,9309145-3,Arquitectura,Vina Del Mar,2019,benjamin.tapia@outlook.com,Regular
108,Maximiliano Araya Flores,10578323-1,Administracion,Sede Norte,2021,maximiliano.araya@outlook.com,Congelada
109,Alejandra Gonzalez Bravo,13853474-2,Arquitectura,Concepcion,2024,alejandra.gonzalez@gmail.com,Egresado
110,Macarena Araya Espinoza,15813631-2,Enfermeria,Concepcion,2019,macarena.araya@gmail.com,Desertor
111,Santiago Castro Sepulveda,17670515-1,Psicologia,Sede Sur,2021,santiago.castro@outlook.com,Regular
112,Paula Munoz Figueroa,8630771-9,Ing. Civil,Santiago Centro,2024,paula.munoz@outlook.com,Congelada
113,Andres Figueroa Espinoza,21415897-8,Psicologia,Concepcion,2020,andres.figueroa@outlook.com,Regular
114,Antonia Figueroa Munoz,24045789-2,Enfermeria,Sede Sur,2020,antonia.figueroa@gmail.com,Regular
115,Barbara Perez Bravo,16178548-9,Psicologia,Sede Sur,2023,barbara.perez@outlook.com,Regular
116,Matias Hernandez Hernandez,15272151-6,Psicologia,Vina Del Mar,2019,matias.hernandez@outlook.com,Regular
117,Maria Rodriguez Rodriguez,15686187-7,Psicologia,Vina Del Mar,2020,maria.rodriguez@gmail.com,Regular
118,Alejandra Tapia Reyes,13861924-4,Ing. Civil,Vina Del Mar,2019,alejandra.tapia@outlook.com,Regular
119,Jose Jara Bravo,17668220-5,Derecho,Santiago Centro,2019,jose.jara@gmail.com,Regular
120,Ignacio Garcia Tapia,12206490-2,Enfermeria,Concepcion,2021,ignacio.garcia@gmail.com,Regular
122,Nicolas Diaz Rivera,14400745-4,Derecho,Santiago Centro,2024,nicolas.diaz@outlook.com,Regular
123,Pedro Fuentes Soto,7563925-1,Derecho,Vina Del Mar,2019,pedro.fuentes@gmail.com,Regular
124,Lucas Castro Castro,22474205-1,Enfermeria,Sede Sur,2021,lucas.castro@outlook.com,Egresado
125,Carlos Nunez Torres,22861811-5,Administracion,Sede Norte,2024,carlos.nunez@gmail.com,Regular
126,Isidora Valenzuela Garcia,7863134-3,Enfermeria,Sede Sur,2020,isidora.valenzuela@outlook.com,Regular
127,Javiera Soto Gatica,17819354-7,Ing. Civil,Sede Sur,2019,javiera.soto@outlook.com,Regular
128,Macarena Flores Vergara,11294148-8,Psicologia,Sede Sur,2021,macarena.flores@gmail.com,Egresado
129,Matias Gatica Medina,5613720-5,Enfermeria,Sede Sur,2020,sin_email_129@correo.local,Regular
130,Isidora Nunez Martinez,9844739-0,Enfermeria,Santiago Centro,2019,isidora.nunez@gmail.com,Regular
131,Maria Lopez Jara,11914814-8,Enfermeria,Vina Del Mar,2024,maria.lopez@outlook.com,Regular
132,Agustin Gatica Reyes,23115198-1,Enfermeria,Vina Del Mar,2019,agustin.gatica@outlook.com,Regular
133,Diego Munoz Morales,24901536-3,Administracion,Sede Sur,2021,diego.munoz@outlook.com,Egresado
134,Sebastian Flores Zambrano,19916930-6,Ing. Civil,Sede Norte,2021,sebastian.flores@outlook.com,Egresado
135,Lorena Hernandez Rivera,22213123-4,Derecho,Concepcion,2019,lorena.hernandez@outlook.com,Desertor
136,Valentina Araya Araya,8345947-8,Enfermeria,Sede Sur,2019,valentina.araya@gmail.com,Desertor
137,Isidora Torres Zambrano,SIN-RUT,Derecho,Sede Sur,2021,isidora.torres@outlook.com,Regular
138,Isidora Contreras Fuentes,7693454-4,Derecho,Sede Norte,2023,sin_email_138@correo.local,Regular
140,Pedro Flores Lopez,10563744-0,Enfermeria,Sede Sur,2023,pedro.flores@gmail.com,Regular
141,Maria Sepulveda Rivera,7499832-4,Enfermeria,Sede Norte,2023,maria.sepulveda@gmail.com,Regular
142,Maximiliano Figueroa Lopez,22523048-3,Psicologia,Santiago Centro,2020,maximiliano.figueroa@gmail.com,Egresado
143,Fernanda Araya Jara,11654725-3,Enfermeria,Sede Sur,2022,fernanda.araya@outlook.com,Regular
144,Lucas Soto Rivera,15859663-4,Arquitectura,Sede Sur,2024,lucas.soto@gmail.com,Congelada
145,Javiera Aguilera Figueroa,7002025-1,Enfermeria,Santiago Centro,2023,javiera.aguilera@outlook.com,Regular
146,Cristobal Morales Silva,8734343-2,Ing. Informatica,Sede Sur,2020,cristobal.morales@outlook.com,Regular
147,Sin Nombre,19861791-2,Ing. Civil,Sede Sur,2024,alejandra.jara@gmail.com,Congelada
148,Paula Diaz Aguilera,SIN-RUT,Ing. Informatica,Vina Del Mar,2021,paula.diaz@gmail.com,Egresado
149,Isidora Perez Morales,SIN-RUT,Psicologia,Concepcion,2023,isidora.perez@outlook.com,Congelada
150,Carolina Castro Vergara,11563081-0,Arquitectura,Concepcion,2022,carolina.castro@gmail.com,Congelada
151,Francisca Aguilera Silva,22050960-7,Administracion,Vina Del Mar,2021,francisca.aguilera@gmail.com,Regular
152,Joaquin Medina Rivera,18250399-4,Arquitectura,Sede Sur,2024,joaquin.medina@gmail.com,Desertor
153,Paula Rodriguez Fuentes,20727392-7,Ing. Informatica,Sede Norte,2023,paula.rodriguez@outlook.com,Regular
154,Lucas Fuentes Contreras,6550546-9,Ing. Informatica,Santiago Centro,2023,lucas.fuentes@outlook.com,Egresado
155,Natalia Hernandez Nunez,5354573-6,Ing. Informatica,Vina Del Mar,2022,natalia.hernandez@outlook.com,Egresado
156,Lucas Soto Rojas,21212443-6,Ing. Civil,Vina Del Mar,2019,lucas.soto@outlook.com,Regular
157,Ana Lopez Perez,8637547-8,Derecho,Vina Del Mar,2022,ana.lopez@outlook.com,Desertor
158,Nicolas Castro Lopez,12960397-7,Administracion,Vina Del Mar,2020,nicolas.castro@gmail.com,Desertor
159,Sin Nombre,17657283-2,Administracion,Concepcion,2020,nicolas.martinez@gmail.com,Regular
161,Agustin Figueroa Medina,21212926-6,Ing. Civil,Vina Del Mar,2022,agustin.figueroa@outlook.com,Desertor
162,Catalina Diaz Contreras,21199419-1,Psicologia,Vina Del Mar,2022,catalina.diaz@outlook.com,Regular
163,Constanza Perez Flores,18959851-2,Arquitectura,Vina Del Mar,2022,constanza.perez@outlook.com,Desertor
164,Martin Sepulveda Zambrano,8147712-7,Ing. Informatica,Sede Norte,2022,sin_email_164@correo.local,Regular
165,Felipe Reyes Soto,9941955-0,Derecho,Sede Norte,2023,felipe.reyes@gmail.com,Egresado
166,Valentina Reyes Espinoza,14460300-8,Psicologia,Santiago Centro,2024,valentina.reyes@gmail.com,Regular
167,Valentina Lopez Garcia,22567510-8,Arquitectura,Sede Sur,2024,valentina.lopez@gmail.com,Regular
168,Valentina Vergara Rivera,18245674-8,Enfermeria,Vina Del Mar,2021,valentina.vergara@gmail.com,Egresado
169,Francisca Lopez Diaz,6655097-4,Arquitectura,Santiago Centro,2020,francisca.lopez@gmail.com,Regular
170,Pedro Jara Hernandez,8455369-8,Ing. Civil,Santiago Centro,2020,pedro.jara@gmail.com,Regular
171,Carlos Lopez Diaz,18083913-9,Psicologia,Sede Sur,2024,carlos.lopez@gmail.com,Regular
172,Isidora Reyes Gonzalez,12461510-0,Derecho,Sede Norte,2024,isidora.reyes@gmail.com,Regular
173,Benjamin Valenzuela Soto,12589616-2,Psicologia,Sede Sur,2021,benjamin.valenzuela@outlook.com,Regular
174,Santiago Contreras Diaz,17989680-4,Ing. Civil,Sede Sur,2022,santiago.contreras@gmail.com,Regular
175,Paula Araya Figueroa,16022848-6,Ing. Civil,Sede Sur,2024,paula.araya@gmail.com,Regular
176,Paula Nunez Jara,SIN-RUT,Enfermeria,Sede Norte,2024,paula.nunez@gmail.com,Regular
177,Martin Medina Araya,19408263-7,Psicologia,Santiago Centro,2021,martin.medina@gmail.com,Regular
178,Amanda Garcia Nunez,15016354-1,Derecho,Sede Sur,2022,amanda.garcia@gmail.com,Regular
179,Martin Nunez Silva,24757598-9,Psicologia,Vina Del Mar,2020,martin.nunez@outlook.com,Regular
181,Sofia Araya Bravo,6241680-5,Psicologia,Sede Sur,2019,sofia.araya@gmail.com,Regular
182,Antonia Sepulveda Diaz,12740705-9,Ing. Informatica,Sede Sur,2020,antonia.sepulveda@gmail.com,Congelada
183,Vicente Nunez Soto,5685623-6,Psicologia,Sede Norte,2020,vicente.nunez@outlook.com,Regular
184,Paula Contreras Munoz,13394400-9,Derecho,Santiago Centro,2019,paula.contreras@gmail.com,Regular
185,Vicente Contreras Castro,6113683-9,Psicologia,Sede Sur,2021,vicente.contreras@gmail.com,Regular
186,Sin Nombre,21325664-0,Derecho,Santiago Centro,2023,lorena.castro@gmail.com,Regular
187,Jose Diaz Aguilera,12699670-4,Ing. Informatica,Vina Del Mar,2022,jose.diaz@outlook.com,Egresado
188,Sin Nombre,9385174-5,Enfermeria,Santiago Centro,2022,cristobal.martinez@gmail.com,Regular
189,Sin Nombre,8841736-9,Derecho,Concepcion,2020,santiago.gatica@outlook.com,Regular
190,Camila Espinoza Sepulveda,20120585-0,Psicologia,Sede Norte,2019,camila.espinoza@gmail.com,Regular
191,Vicente Flores Martinez,9140040-8,Psicologia,Sede Norte,2020,vicente.flores@outlook.com,Desertor
192,Sin Nombre,7320333-5,Ing. Informatica,Santiago Centro,2020,sin_email_192@correo.local,Regular
193,Gabriel Espinoza Morales,23745292-9,Ing. Civil,Sede Norte,2024,gabriel.espinoza@outlook.com,Regular
194,Lorena Castro Castro,8350109-3,Psicologia,Santiago Centro,2021,sin_email_194@correo.local,Desertor
195,Sofia Munoz Aguilera,18324667-8,Arquitectura,Santiago Centro,2022,sofia.munoz@gmail.com,Regular
196,Felipe Bravo Torres,9771490-9,Ing. Informatica,Vina Del Mar,2023,felipe.bravo@outlook.com,Congelada
197,Emilio Soto Gonzalez,18128501-7,Ing. Civil,Sede Sur,2019,emilio.soto@outlook.com,Regular
198,Maria Rivera Hernandez,5361537-7,Derecho,Sede Norte,2021,maria.rivera@outlook.com,Regular
199,Andres Rivera Torres,14303704-2,Ing. Informatica,Concepcion,2019,andres.rivera@outlook.com,Regular
200,Andres Martinez Medina,SIN-RUT,Psicologia,Sede Sur,2022,andres.martinez@outlook.com,Regular
202,Sofia Munoz Rojas,13353987-6,Arquitectura,Concepcion,2023,sofia.munoz@gmail.com,Desertor
203,Lorena Medina Bravo,9648872-5,Derecho,Sede Norte,2019,lorena.medina@outlook.com,Regular
204,Carolina Vergara Torres,10767077-6,Administracion,Concepcion,2020,carolina.vergara@outlook.com,Congelada
205,Andres Gatica Lopez,5115671-2,Enfermeria,Sede Norte,2022,andres.gatica@outlook.com,Regular
206,Carolina Medina Silva,SIN-RUT,Psicologia,Sede Sur,2021,carolina.medina@gmail.com,Desertor
207,Sofia Rivera Soto,19208409-9,Psicologia,Vina Del Mar,2024,sofia.rivera@gmail.com,Desertor
208,Tomas Vergara Rodriguez,SIN-RUT,Enfermeria,Sede Sur,2020,tomas.vergara@gmail.com,Regular
209,Carlos Vergara Flores,22114238-7,Enfermeria,Sede Sur,2021,carlos.vergara@outlook.com,Regular
210,Lorena Munoz Sepulveda,17309054-4,Ing. Informatica,Sede Norte,2019,lorena.munoz@outlook.com,Congelada
211,Cristobal Aguilera Espinoza,22260368-0,Administracion,Concepcion,2020,sin_email_211@correo.local,Regular
212,Jose Castro Rojas,9750118-9,Enfermeria,Santiago Centro,2024,jose.castro@gmail.com,Congelada
214,Constanza Gatica Gonzalez,17349950-8,Psicologia,Sede Sur,2021,constanza.gatica@outlook.com,Regular
215,Vicente Rivera Nunez,12744041-8,Enfermeria,Vina Del Mar,2022,vicente.rivera@outlook.com,Egresado
216,Ignacio Gatica Valenzuela,15000647-3,Administracion,Vina Del Mar,2023,sin_email_216@correo.local,Regular
217,Daniela Vergara Rojas,7774377-0,Derecho,Sede Norte,2024,daniela.vergara@outlook.com,Regular
218,Natalia Munoz Gatica,18698718-5,Derecho,Concepcion,2024,natalia.munoz@gmail.com,Regular
219,Valentina Flores Flores,20053676-3,Ing. Informatica,Sede Sur,2023,valentina.flores@outlook.com,Regular
220,Antonia Tapia Espinoza,15947852-1,Ing. Informatica,Sede Sur,2020,antonia.tapia@gmail.com,Regular
221,Nicolas Fuentes Rojas,21106730-4,Ing. Civil,Concepcion,2022,nicolas.fuentes@gmail.com,Regular
222,Diego Castro Vergara,16343811-4,Administracion,Concepcion,2022,diego.castro@gmail.com,Congelada
223,Cristobal Rivera Tapia,17662831-9,Arquitectura,Sede Norte,2021,cristobal.rivera@outlook.com,Regular
224,Andres Hernandez Flores,12303865-5,Derecho,Sede Norte,2020,andres.hernandez@outlook.com,Regular
225,Sin Nombre,9097591-0,Administracion,Vina Del Mar,2022,carolina.torres@gmail.com,Regular
226,Maximiliano Flores Valenzuela,10466834-1,Psicologia,Vina Del Mar,2021,maximiliano.flores@gmail.com,Regular
227,Joaquin Rivera Tapia,15209210-0,Arquitectura,Concepcion,2022,joaquin.rivera@outlook.com,Regular
228,Paula Garcia Perez,7967122-2,Psicologia,Santiago Centro,2020,paula.garcia@outlook.com,Regular
229,Javiera Castro Diaz,23222734-3,Enfermeria,Santiago Centro,2022,javiera.castro@gmail.com,Congelada
230,Vicente Martinez Martinez,11355153-1,Psicologia,Santiago Centro,2022,vicente.martinez@gmail.com,Regular
231,Natalia Munoz Soto,24171552-5,Ing. Civil,Sede Sur,2022,natalia.munoz@gmail.com,Egresado
232,Diego Lopez Castro,17336063-8,Derecho,Sede Norte,2023,diego.lopez@outlook.com,Regular
233,Maria Bravo Zambrano,24559102-7,Psicologia,Concepcion,2019,maria.bravo@gmail.com,Congelada
234,Natalia Bravo Valenzuela,24000578-9,Derecho,Vina Del Mar,2020,natalia.bravo@gmail.com,Regular
235,Valentina Gonzalez Fuentes,5400453-3,Psicologia,Santiago Centro,2023,valentina.gonzalez@outlook.com,Regular
237,Antonia Silva Gatica,20226860-1,Enfermeria,Sede Norte,2024,antonia.silva@gmail.com,Congelada
238,Barbara Jara Garcia,21535017-7,Derecho,Concepcion,2021,barbara.jara@outlook.com,Regular
239,Carolina Morales Reyes,7732871-7,Arquitectura,Santiago Centro,2022,carolina.morales@gmail.com,Desertor
240,Isidora Perez Silva,5900121-3,Psicologia,Santiago Centro,2023,isidora.perez@outlook.com,Congelada
241,Nicolas Medina Diaz,6095831-5,Administracion,Concepcion,2021,nicolas.medina@gmail.com,Regular
243,Benjamin Martinez Garcia,20163289-0,Psicologia,Sede Norte,2019,benjamin.martinez@outlook.com,Regular
244,Natalia Rivera Soto,24231032-4,Psicologia,Sede Norte,2022,natalia.rivera@outlook.com,Regular
245,Vicente Zambrano Fuentes,7473426-2,Enfermeria,Sede Sur,2020,vicente.zambrano@gmail.com,Regular
246,Cristobal Diaz Vergara,13511054-6,Derecho,Vina Del Mar,2022,cristobal.diaz@outlook.com,Regular
247,Sebastian Martinez Espinoza,SIN-RUT,Derecho,Vina Del Mar,2022,sebastian.martinez@outlook.com,Regular
248,Alejandra Gonzalez Gatica,8128033-6,Ing. Informatica,Santiago Centro,2022,alejandra.gonzalez@outlook.com,Regular
249,Maximiliano Aguilera Espinoza,13501687-8,Psicologia,Vina Del Mar,2020,maximiliano.aguilera@outlook.com,Regular
250,Cristobal Aguilera Araya,12779898-8,Derecho,Sede Sur,2023,cristobal.aguilera@outlook.com,Regular
251,Antonia Castro Sepulveda,24817135-5,Psicologia,Concepcion,2020,antonia.castro@gmail.com,Regular
252,Natalia Morales Figueroa,12007302-3,Ing. Civil,Vina Del Mar,2020,natalia.morales@outlook.com,Regular
253,Santiago Rodriguez Morales,20039701-6,Ing. Civil,Sede Norte,2024,santiago.rodriguez@outlook.com,Regular
254,Barbara Morales Gonzalez,23744028-4,Administracion,Vina Del Mar,2021,barbara.morales@outlook.com,Congelada
255,Camila Aguilera Fuentes,8868937-8,Derecho,Santiago Centro,2021,camila.aguilera@outlook.com,Desertor
256,Sofia Garcia Figueroa,20218462-6,Administracion,Concepcion,2023,sofia.garcia@outlook.com,Regular
257,Javiera Rojas Tapia,20351323-7,Enfermeria,Concepcion,2021,javiera.rojas@outlook.com,Regular
258,Maximiliano Flores Vergara,19615746-0,Psicologia,Sede Norte,2023,maximiliano.flores@outlook.com,Regular
259,Sin Nombre,5315074-6,Enfermeria,Sede Sur,2022,amanda.nunez@gmail.com,Regular
260,Alejandra Araya Torres,14389044-3,Ing. Informatica,Sede Sur,2022,alejandra.araya@gmail.com,Regular
261,Maximiliano Munoz Espinoza,15407377-5,Ing. Informatica,Concepcion,2020,maximiliano.munoz@outlook.com,Regular
262,Fernanda Jara Hernandez,24700555-7,Psicologia,Sede Norte,2022,fernanda.jara@outlook.com,Regular
263,Ignacio Bravo Bravo,12824149-1,Derecho,Concepcion,2021,ignacio.bravo@gmail.com,Regular
264,Emilio Jara Zambrano,20851755-3,Administracion,Vina Del Mar,2019,emilio.jara@gmail.com,Desertor
265,Antonia Sepulveda Soto,6496769-3,Administracion,Santiago Centro,2020,antonia.sepulveda@outlook.com,Regular
266,Sebastian Rivera Lopez,12576533-2,Derecho,Vina Del Mar,2023,sebastian.rivera@gmail.com,Regular
267,Valentina Zambrano Jara,13864968-9,Arquitectura,Sede Sur,2022,valentina.zambrano@outlook.com,Regular
268,Gabriel Vergara Morales,19099534-7,Derecho,Sede Sur,2020,gabriel.vergara@gmail.com,Regular
269,Maximiliano Torres Bravo,16184732-7,Ing. Informatica,Santiago Centro,2020,maximiliano.torres@outlook.com,Regular
270,Lucas Medina Bravo,13859283-5,Ing. Informatica,Santiago Centro,2020,lucas.medina@gmail.com,Egresado
271,Valentina Perez Reyes,8902729-0,Psicologia,Santiago Centro,2022,sin_email_271@correo.local,Regular
272,Barbara Castro Morales,15139970-8,Derecho,Santiago Centro,2023,barbara.castro@gmail.com,Regular
273,Amanda Valenzuela Jara,14425646-8,Administracion,Sede Sur,2020,amanda.valenzuela@outlook.com,Regular
274,Camila Silva Torres,6449188-9,Ing. Civil,Sede Sur,2020,sin_email_274@correo.local,Regular
275,Amanda Gatica Vergara,15182782-7,Ing. Civil,Sede Sur,2020,amanda.gatica@outlook.com,Regular
276,Sebastian Bravo Araya,12288578-1,Administracion,Concepcion,2024,sebastian.bravo@outlook.com,Regular
277,Gabriel Jara Perez,23166413-1,Administracion,Santiago Centro,2022,gabriel.jara@outlook.com,Regular
278,Gabriel Tapia Nunez,16557436-6,Arquitectura,Sede Norte,2024,gabriel.tapia@gmail.com,Regular
279,Camila Espinoza Valenzuela,5655442-5,Administracion,Sede Norte,2021,camila.espinoza@gmail.com,Egresado
280,Barbara Tapia Garcia,14714346-2,Ing. Informatica,Vina Del Mar,2023,barbara.tapia@outlook.com,Congelada
281,Maria Diaz Fuentes,21228559-0,Enfermeria,Sede Sur,2020,maria.diaz@outlook.com,Regular
282,Gabriel Flores Rodriguez,20267741-9,Arquitectura,Sede Sur,2024,gabriel.flores@outlook.com,Regular
283,Ana Silva Espinoza,24584921-5,Derecho,Vina Del Mar,2020,ana.silva@outlook.com,Regular
284,Felipe Rojas Soto,24452222-4,Ing. Informatica,Santiago Centro,2024,sin_email_284@correo.local,Congelada
285,Martin Zambrano Sepulveda,21016168-6,Ing. Civil,Santiago Centro,2020,martin.zambrano@gmail.com,Regular
286,Constanza Bravo Sepulveda,SIN-RUT,Derecho,Sede Sur,2022,sin_email_286@correo.local,Regular
287,Andres Aguilera Bravo,8607187-0,Administracion,Sede Sur,2021,andres.aguilera@gmail.com,Regular
288,Lucas Fuentes Nunez,21244264-9,Psicologia,Sede Sur,2020,lucas.fuentes@outlook.com,Regular
289,Santiago Morales Zambrano,20859719-6,Arquitectura,Santiago Centro,2024,santiago.morales@outlook.com,Regular
290,Joaquin Araya Diaz,15290252-7,Arquitectura,Sede Norte,2020,joaquin.araya@outlook.com,Regular
291,Emilio Aguilera Gatica,17148628-4,Ing. Civil,Vina Del Mar,2022,emilio.aguilera@outlook.com,Regular
292,Amanda Diaz Soto,SIN-RUT,Administracion,Vina Del Mar,2023,amanda.diaz@gmail.com,Congelada
293,Cristobal Flores Rojas,16456170-7,Psicologia,Concepcion,2023,cristobal.flores@gmail.com,Regular
294,Fernanda Gonzalez Fuentes,10028401-8,Administracion,Concepcion,2021,fernanda.gonzalez@outlook.com,Regular
295,Felipe Nunez Gonzalez,23967460-7,Administracion,Sede Sur,2023,sin_email_295@correo.local,Regular
296,Pedro Vergara Hernandez,10090230-2,Derecho,Sede Sur,2020,pedro.vergara@gmail.com,Desertor
297,Benjamin Garcia Figueroa,17999025-9,Ing. Civil,Sede Norte,2022,benjamin.garcia@gmail.com,Regular
298,Barbara Espinoza Espinoza,12049394-4,Ing. Civil,Concepcion,2020,barbara.espinoza@outlook.com,Egresado
299,Alejandra Contreras Rivera,22009074-5,Administracion,Concepcion,2020,alejandra.contreras@outlook.com,Regular
300,Martin Gatica Bravo,14004772-0,Ing. Informatica,Vina Del Mar,2021,martin.gatica@outlook.com,Regular
301,Vicente Munoz Rivera,11818848-9,Enfermeria,Sede Norte,2023,vicente.munoz@gmail.com,Regular
302,Catalina Sepulveda Espinoza,5349520-9,Psicologia,Santiago Centro,2023,catalina.sepulveda@outlook.com,Congelada
303,Carlos Tapia Torres,22027888-4,Ing. Informatica,Concepcion,2023,carlos.tapia@gmail.com,Egresado
304,Fernanda Espinoza Martinez,17758253-8,Derecho,Vina Del Mar,2024,fernanda.espinoza@gmail.com,Regular
305,Alejandra Martinez Diaz,16706295-6,Psicologia,Sede Sur,2020,alejandra.martinez@gmail.com,Regular
306,Cristobal Vergara Fuentes,5382781-6,Enfermeria,Sede Norte,2022,cristobal.vergara@gmail.com,Regular
308,Diego Sepulveda Aguilera,11106782-6,Psicologia,Santiago Centro,2020,diego.sepulveda@gmail.com,Egresado
309,Sin Nombre,7270941-3,Arquitectura,Concepcion,2019,gabriel.araya@outlook.com,Regular
310,Cristobal Sepulveda Flores,22428271-2,Ing. Civil,Santiago Centro,2020,cristobal.sepulveda@outlook.com,Regular
311,Francisca Rojas Morales,18749501-8,Ing. Informatica,Sede Norte,2024,francisca.rojas@gmail.com,Egresado
312,Valentina Rivera Jara,20983916-0,Administracion,Santiago Centro,2023,valentina.rivera@gmail.com,Regular
313,Lorena Fuentes Garcia,19859892-7,Derecho,Santiago Centro,2020,lorena.fuentes@outlook.com,Regular
314,Jose Torres Medina,20308042-7,Ing. Informatica,Vina Del Mar,2024,jose.torres@gmail.com,Egresado
315,Antonia Jara Martinez,17568994-7,Psicologia,Sede Norte,2019,antonia.jara@gmail.com,Regular
316,Valentina Morales Castro,6371712-3,Ing. Informatica,Sede Sur,2020,valentina.morales@outlook.com,Regular
317,Constanza Araya Gatica,24109352-9,Psicologia,Sede Sur,2023,sin_email_317@correo.local,Egresado
318,Javiera Figueroa Espinoza,18632088-2,Enfermeria,Sede Norte,2021,javiera.figueroa@outlook.com,Regular
319,Ignacio Flores Bravo,17624805-3,Administracion,Sede Norte,2022,ignacio.flores@outlook.com,Regular
320,Tomas Espinoza Gonzalez,21676633-7,Arquitectura,Sede Sur,2019,tomas.espinoza@gmail.com,Regular
321,Benjamin Munoz Zambrano,24772270-2,Enfermeria,Concepcion,2021,benjamin.munoz@outlook.com,Regular
322,Antonia Soto Contreras,19899484-1,Arquitectura,Vina Del Mar,2022,antonia.soto@outlook.com,Regular
323,Agustin Flores Perez,7865514-0,Derecho,Concepcion,2021,agustin.flores@outlook.com,Congelada
324,Macarena Zambrano Figueroa,19690292-3,Derecho,Sede Sur,2020,macarena.zambrano@outlook.com,Desertor
325,Francisca Perez Sepulveda,16998742-1,Psicologia,Concepcion,2020,francisca.perez@gmail.com,Regular
326,Sin Nombre,9362627-8,Administracion,Sede Norte,2022,emilio.bravo@outlook.com,Congelada
327,Diego Nunez Morales,19074171-2,Enfermeria,Vina Del Mar,2022,diego.nunez@outlook.com,Regular
328,Antonia Fuentes Contreras,SIN-RUT,Administracion,Santiago Centro,2020,antonia.fuentes@gmail.com,Regular
329,Amanda Bravo Rodriguez,SIN-RUT,Enfermeria,Concepcion,2020,amanda.bravo@outlook.com,Regular
330,Barbara Garcia Aguilera,10634633-4,Psicologia,Santiago Centro,2024,barbara.garcia@outlook.com,Desertor
331,Lorena Vergara Zambrano,11768473-2,Psicologia,Vina Del Mar,2022,lorena.vergara@outlook.com,Desertor
332,Fernanda Valenzuela Valenzuela,12778866-3,Psicologia,Santiago Centro,2022,fernanda.valenzuela@outlook.com,Regular
333,Amanda Rivera Castro,13115353-0,Ing. Civil,Concepcion,2024,amanda.rivera@gmail.com,Regular
334,Martin Rojas Zambrano,9801556-3,Administracion,Sede Sur,2022,martin.rojas@outlook.com,Regular
335,Jose Figueroa Jara,24776533-3,Arquitectura,Sede Sur,2023,jose.figueroa@outlook.com,Regular
336,Isidora Gatica Fuentes,13463473-4,Derecho,Sede Norte,2024,isidora.gatica@gmail.com,Congelada
337,Cristobal Nunez Hernandez,17719989-0,Enfermeria,Santiago Centro,2023,cristobal.nunez@outlook.com,Regular
338,Amanda Zambrano Torres,18459876-0,Ing. Civil,Sede Norte,2020,amanda.zambrano@gmail.com,Regular
339,Diego Vergara Araya,17678403-9,Derecho,Sede Norte,2023,diego.vergara@outlook.com,Regular
340,Emilio Rodriguez Sepulveda,13676841-3,Enfermeria,Sede Sur,2019,emilio.rodriguez@outlook.com,Regular
341,Maria Bravo Diaz,5077380-6,Ing. Civil,Santiago Centro,2020,sin_email_341@correo.local,Egresado
342,Alejandra Espinoza Garcia,16535672-2,Derecho,Sede Sur,2019,alejandra.espinoza@gmail.com,Regular
343,Isidora Silva Rivera,11399809-5,Derecho,Sede Sur,2021,isidora.silva@outlook.com,Regular
344,Javiera Figueroa Medina,19684963-8,Ing. Civil,Vina Del Mar,2019,javiera.figueroa@gmail.com,Regular
345,Macarena Silva Diaz,18146216-5,Derecho,Santiago Centro,2021,macarena.silva@outlook.com,Regular
346,Santiago Diaz Silva,9716907-9,Enfermeria,Sede Sur,2019,santiago.diaz@gmail.com,Regular
347,Camila Vergara Gatica,15251569-1,Arquitectura,Concepcion,2021,camila.vergara@gmail.com,Regular
348,Macarena Medina Hernandez,9581527-8,Enfermeria,Sede Norte,2021,macarena.medina@gmail.com,Regular
349,Tomas Gatica Garcia,16530461-3,Derecho,Santiago Centro,2020,tomas.gatica@gmail.com,Desertor
350,Santiago Perez Gatica,21186463-0,Ing. Informatica,Vina Del Mar,2022,santiago.perez@gmail.com,Regular
